word,tf,idf,tfidf
that,20504,4.3484418339224895,89160.45136274672
they,14027,4.728077779246726,66320.74700949382
with,13881,4.738540824391287,65775.68518337546
from,13401,4.773732491946168,63972.7891245706
this,11308,4.943551383152916,55901.679040693176
people,11222,4.95118568565548,55562.205764425795
have,9830,5.083622888825184,49972.01299715156
also,9711,5.095802559372043,49485.33865406191
which,8728,5.20252557445349,45407.64321383006
many,8496,5.229466358484677,44429.546181685815
